Product code,Station number,Year,Month,Rainfall,Quality
IDCJAC0001,23034,1955,3,2.3,Y
IDCJAC0001,23034,1955,4,46.2,Y
IDCJAC0001,23034,1955,5,93.7,Y
IDCJAC0001,23034,1955,6,136.1,Y
IDCJAC0001,23034,1955,7,33.2,Y
IDCJAC0001,23034,1955,8,76.4,Y
IDCJAC0001,23034,1955,9,49.5,Y
IDCJAC0001,23034,1955,10,45.1,Y
IDCJAC0001,23034,1955,11,53.3,Y
IDCJAC0001,23034,1955,12,18,Y
IDCJAC0001,23034,1956,1,23.9,Y
IDCJAC0001,23034,1956,2,6.6,Y
IDCJAC0001,23034,1956,3,43.2,Y
IDCJAC0001,23034,1956,4,72.9,Y
IDCJAC0001,23034,1956,5,88.5,Y
IDCJAC0001,23034,1956,6,115.6,Y
IDCJAC0001,23034,1956,7,65.8,Y
IDCJAC0001,23034,1956,8,44.5,Y
IDCJAC0001,23034,1956,9,55.2,Y
IDCJAC0001,23034,1956,10,40.2,Y
IDCJAC0001,23034,1956,11,15.8,Y
IDCJAC0001,23034,1956,12,17.6,Y
IDCJAC0001,23034,1957,1,0.3,Y
IDCJAC0001,23034,1957,2,0.8,Y
IDCJAC0001,23034,1957,3,21.1,Y
IDCJAC0001,23034,1957,4,21.6,Y
IDCJAC0001,23034,1957,5,40.1,Y
IDCJAC0001,23034,1957,6,63.4,Y
IDCJAC0001,23034,1957,7,83.1,Y
IDCJAC0001,23034,1957,8,32.4,Y
IDCJAC0001,23034,1957,9,34.5,Y
IDCJAC0001,23034,1957,10,41.1,Y
IDCJAC0001,23034,1957,11,33.7,Y
IDCJAC0001,23034,1957,12,7.8,Y
IDCJAC0001,23034,1958,1,3.9,Y
IDCJAC0001,23034,1958,2,2.3,Y
IDCJAC0001,23034,1958,3,22.1,Y
IDCJAC0001,23034,1958,4,13.5,Y
IDCJAC0001,23034,1958,5,89.3,Y
IDCJAC0001,23034,1958,6,8.2,Y
IDCJAC0001,23034,1958,7,79.2,Y
IDCJAC0001,23034,1958,8,51.2,Y
IDCJAC0001,23034,1958,9,70.4,Y
IDCJAC0001,23034,1958,10,61.3,Y
IDCJAC0001,23034,1958,11,10.3,Y
IDCJAC0001,23034,1958,12,6.6,Y
IDCJAC0001,23034,1959,1,4.4,Y
IDCJAC0001,23034,1959,2,19.4,Y
IDCJAC0001,23034,1959,3,23.9,Y
IDCJAC0001,23034,1959,4,7.1,Y
IDCJAC0001,23034,1959,5,4.4,Y
IDCJAC0001,23034,1959,6,11.5,Y
IDCJAC0001,23034,1959,7,34.1,Y
IDCJAC0001,23034,1959,8,41.8,Y
IDCJAC0001,23034,1959,9,28,Y
IDCJAC0001,23034,1959,10,20.9,Y
IDCJAC0001,23034,1959,11,21.5,Y
IDCJAC0001,23034,1959,12,34.6,Y
IDCJAC0001,23034,1960,1,9.1,Y
IDCJAC0001,23034,1960,2,45.2,Y
IDCJAC0001,23034,1960,3,22.6,Y
IDCJAC0001,23034,1960,4,53.9,Y
IDCJAC0001,23034,1960,5,115.9,Y
IDCJAC0001,23034,1960,6,42.7,Y
IDCJAC0001,23034,1960,7,33.4,Y
IDCJAC0001,23034,1960,8,30.9,Y
IDCJAC0001,23034,1960,9,96.4,Y
IDCJAC0001,23034,1960,10,20.8,Y
IDCJAC0001,23034,1960,11,65.4,Y
IDCJAC0001,23034,1960,12,2.4,Y
IDCJAC0001,23034,1961,1,4.8,Y
IDCJAC0001,23034,1961,2,11,Y
IDCJAC0001,23034,1961,3,6.2,Y
IDCJAC0001,23034,1961,4,110,Y
IDCJAC0001,23034,1961,5,26.3,Y
IDCJAC0001,23034,1961,6,39.6,Y
IDCJAC0001,23034,1961,7,40.8,Y
IDCJAC0001,23034,1961,8,40.1,Y
IDCJAC0001,23034,1961,9,24,Y
IDCJAC0001,23034,1961,10,8.3,Y
IDCJAC0001,23034,1961,11,10.1,Y
IDCJAC0001,23034,1961,12,7.3,Y
IDCJAC0001,23034,1962,1,8.7,Y
IDCJAC0001,23034,1962,2,15.8,Y
IDCJAC0001,23034,1962,3,23.4,Y
IDCJAC0001,23034,1962,4,2.1,Y
IDCJAC0001,23034,1962,5,76.2,Y
IDCJAC0001,23034,1962,6,40.7,Y
IDCJAC0001,23034,1962,7,32.3,Y
IDCJAC0001,23034,1962,8,51.9,Y
IDCJAC0001,23034,1962,9,13.1,Y
IDCJAC0001,23034,1962,10,65.4,Y
IDCJAC0001,23034,1962,11,12.9,Y
IDCJAC0001,23034,1962,12,43,Y
IDCJAC0001,23034,1963,1,62.3,Y
IDCJAC0001,23034,1963,2,3.3,Y
IDCJAC0001,23034,1963,3,1.8,Y
IDCJAC0001,23034,1963,4,45.7,Y
IDCJAC0001,23034,1963,5,125.4,Y
IDCJAC0001,23034,1963,6,88.6,Y
IDCJAC0001,23034,1963,7,92.8,Y
IDCJAC0001,23034,1963,8,47.5,Y
IDCJAC0001,23034,1963,9,25,Y
IDCJAC0001,23034,1963,10,69.4,Y
IDCJAC0001,23034,1963,11,8.6,Y
IDCJAC0001,23034,1963,12,2.9,Y
IDCJAC0001,23034,1964,1,8.4,Y
IDCJAC0001,23034,1964,2,7.7,Y
IDCJAC0001,23034,1964,3,2.5,Y
IDCJAC0001,23034,1964,4,34.8,Y
IDCJAC0001,23034,1964,5,50.3,Y
IDCJAC0001,23034,1964,6,35.1,Y
IDCJAC0001,23034,1964,7,101.5,Y
IDCJAC0001,23034,1964,8,31.2,Y
IDCJAC0001,23034,1964,9,62.3,Y
IDCJAC0001,23034,1964,10,48.7,Y
IDCJAC0001,23034,1964,11,94.9,Y
IDCJAC0001,23034,1964,12,17.5,Y
IDCJAC0001,23034,1965,1,7.9,Y
IDCJAC0001,23034,1965,2,0.3,Y
IDCJAC0001,23034,1965,3,10.2,Y
IDCJAC0001,23034,1965,4,25.4,Y
IDCJAC0001,23034,1965,5,64.6,Y
IDCJAC0001,23034,1965,6,26.3,Y
IDCJAC0001,23034,1965,7,56.6,Y
IDCJAC0001,23034,1965,8,44.4,Y
IDCJAC0001,23034,1965,9,30.7,Y
IDCJAC0001,23034,1965,10,3.1,Y
IDCJAC0001,23034,1965,11,20.3,Y
IDCJAC0001,23034,1965,12,36.4,Y
IDCJAC0001,23034,1966,1,6.5,Y
IDCJAC0001,23034,1966,2,23.6,Y
IDCJAC0001,23034,1966,3,20.1,Y
IDCJAC0001,23034,1966,4,5,Y
IDCJAC0001,23034,1966,5,52.6,Y
IDCJAC0001,23034,1966,6,73.8,Y
IDCJAC0001,23034,1966,7,88.7,Y
IDCJAC0001,23034,1966,8,33.1,Y
IDCJAC0001,23034,1966,9,56.4,Y
IDCJAC0001,23034,1966,10,28.2,Y
IDCJAC0001,23034,1966,11,19.3,Y
IDCJAC0001,23034,1966,12,62.9,Y
IDCJAC0001,23034,1967,1,16.4,Y
IDCJAC0001,23034,1967,2,35.4,Y
IDCJAC0001,23034,1967,3,2.7,Y
IDCJAC0001,23034,1967,4,8.6,Y
IDCJAC0001,23034,1967,5,27.2,Y
IDCJAC0001,23034,1967,6,7.2,Y
IDCJAC0001,23034,1967,7,48.5,Y
IDCJAC0001,23034,1967,8,55.1,Y
IDCJAC0001,23034,1967,9,19.1,Y
IDCJAC0001,23034,1967,10,15.1,Y
IDCJAC0001,23034,1967,11,1.1,Y
IDCJAC0001,23034,1967,12,8.8,Y
IDCJAC0001,23034,1968,1,32.7,Y
IDCJAC0001,23034,1968,2,36.3,Y
IDCJAC0001,23034,1968,3,42.4,Y
IDCJAC0001,23034,1968,4,40.8,Y
IDCJAC0001,23034,1968,5,90.8,Y
IDCJAC0001,23034,1968,6,53.8,Y
IDCJAC0001,23034,1968,7,53.3,Y
IDCJAC0001,23034,1968,8,62.4,Y
IDCJAC0001,23034,1968,9,17.1,Y
IDCJAC0001,23034,1968,10,54.9,Y
IDCJAC0001,23034,1968,11,44,Y
IDCJAC0001,23034,1968,12,42.2,Y
IDCJAC0001,23034,1969,1,6.9,Y
IDCJAC0001,23034,1969,2,103.2,Y
IDCJAC0001,23034,1969,3,15.9,Y
IDCJAC0001,23034,1969,4,27.5,Y
IDCJAC0001,23034,1969,5,85.8,Y
IDCJAC0001,23034,1969,6,34.1,Y
IDCJAC0001,23034,1969,7,61.3,Y
IDCJAC0001,23034,1969,8,42.9,Y
IDCJAC0001,23034,1969,9,43.4,Y
IDCJAC0001,23034,1969,10,0.8,Y
IDCJAC0001,23034,1969,11,17.9,Y
IDCJAC0001,23034,1969,12,33.1,Y
IDCJAC0001,23034,1970,1,22.4,Y
IDCJAC0001,23034,1970,2,0.5,Y
IDCJAC0001,23034,1970,3,7,Y
IDCJAC0001,23034,1970,4,58.9,Y
IDCJAC0001,23034,1970,5,58.6,Y
IDCJAC0001,23034,1970,6,51.6,Y
IDCJAC0001,23034,1970,7,48.5,Y
IDCJAC0001,23034,1970,8,66.8,Y
IDCJAC0001,23034,1970,9,32.1,Y
IDCJAC0001,23034,1970,10,6.5,Y
IDCJAC0001,23034,1970,11,30.1,Y
IDCJAC0001,23034,1970,12,36.4,Y
IDCJAC0001,23034,1971,1,4.8,Y
IDCJAC0001,23034,1971,2,0.3,Y
IDCJAC0001,23034,1971,3,35.9,Y
IDCJAC0001,23034,1971,4,158.8,Y
IDCJAC0001,23034,1971,5,81.7,Y
IDCJAC0001,23034,1971,6,49.1,Y
IDCJAC0001,23034,1971,7,49.7,Y
IDCJAC0001,23034,1971,8,65.7,Y
IDCJAC0001,23034,1971,9,52.8,Y
IDCJAC0001,23034,1971,10,25,Y
IDCJAC0001,23034,1971,11,48,Y
IDCJAC0001,23034,1971,12,25.9,Y
IDCJAC0001,23034,1972,1,51.3,Y
IDCJAC0001,23034,1972,2,33.5,Y
IDCJAC0001,23034,1972,3,0,Y
IDCJAC0001,23034,1972,4,32.9,Y
IDCJAC0001,23034,1972,5,10.9,Y
IDCJAC0001,23034,1972,6,25.2,Y
IDCJAC0001,23034,1972,7,60.4,Y
IDCJAC0001,23034,1972,8,55.6,Y
IDCJAC0001,23034,1972,9,35.9,Y
IDCJAC0001,23034,1972,10,19.9,Y
IDCJAC0001,23034,1972,11,12.7,Y
IDCJAC0001,23034,1972,12,26.4,Y
IDCJAC0001,23034,1973,1,24,Y
IDCJAC0001,23034,1973,2,55,Y
IDCJAC0001,23034,1973,3,33.3,Y
IDCJAC0001,23034,1973,4,62.3,Y
IDCJAC0001,23034,1973,5,66.9,Y
IDCJAC0001,23034,1973,6,80.8,Y
IDCJAC0001,23034,1973,7,82.6,Y
IDCJAC0001,23034,1973,8,45.7,Y
IDCJAC0001,23034,1973,9,55.4,Y
IDCJAC0001,23034,1973,10,64.3,Y
IDCJAC0001,23034,1973,11,24.9,Y
IDCJAC0001,23034,1973,12,30.7,Y
IDCJAC0001,23034,1974,1,57,Y
IDCJAC0001,23034,1974,2,76.2,Y
IDCJAC0001,23034,1974,3,2.2,Y
IDCJAC0001,23034,1974,4,64.3,Y
IDCJAC0001,23034,1974,5,62.2,Y
IDCJAC0001,23034,1974,6,31,Y
IDCJAC0001,23034,1974,7,90,Y
IDCJAC0001,23034,1974,8,38.6,Y
IDCJAC0001,23034,1974,9,57.4,Y
IDCJAC0001,23034,1974,10,90.4,Y
IDCJAC0001,23034,1974,11,3.6,Y
IDCJAC0001,23034,1974,12,13.4,Y
IDCJAC0001,23034,1975,1,23.2,Y
IDCJAC0001,23034,1975,2,3.4,Y
IDCJAC0001,23034,1975,3,73.7,Y
IDCJAC0001,23034,1975,4,15.6,Y
IDCJAC0001,23034,1975,5,84.8,Y
IDCJAC0001,23034,1975,6,18.7,Y
IDCJAC0001,23034,1975,7,91.6,Y
IDCJAC0001,23034,1975,8,36.2,Y
IDCJAC0001,23034,1975,9,55.9,Y
IDCJAC0001,23034,1975,10,61,Y
IDCJAC0001,23034,1975,11,18.8,Y
IDCJAC0001,23034,1975,12,5.2,Y
IDCJAC0001,23034,1976,1,11.2,Y
IDCJAC0001,23034,1976,2,80.2,Y
IDCJAC0001,23034,1976,3,0.8,Y
IDCJAC0001,23034,1976,4,18.9,Y
IDCJAC0001,23034,1976,5,21.2,Y
IDCJAC0001,23034,1976,6,41,Y
IDCJAC0001,23034,1976,7,20,Y
IDCJAC0001,23034,1976,8,39.4,Y
IDCJAC0001,23034,1976,9,16.8,Y
IDCJAC0001,23034,1976,10,49,Y
IDCJAC0001,23034,1976,11,17,Y
IDCJAC0001,23034,1976,12,22.2,Y
IDCJAC0001,23034,1977,1,39.4,Y
IDCJAC0001,23034,1977,2,11.4,Y
IDCJAC0001,23034,1977,3,32.8,Y
IDCJAC0001,23034,1977,4,14,Y
IDCJAC0001,23034,1977,5,31.2,Y
IDCJAC0001,23034,1977,6,40.4,Y
IDCJAC0001,23034,1977,7,22,Y
IDCJAC0001,23034,1977,8,21.6,Y
IDCJAC0001,23034,1977,9,38,Y
IDCJAC0001,23034,1977,10,42.8,Y
IDCJAC0001,23034,1977,11,25.6,Y
IDCJAC0001,23034,1977,12,12.8,Y
IDCJAC0001,23034,1978,1,1.8,Y
IDCJAC0001,23034,1978,2,4.4,Y
IDCJAC0001,23034,1978,3,7,Y
IDCJAC0001,23034,1978,4,36.8,Y
IDCJAC0001,23034,1978,5,47.4,Y
IDCJAC0001,23034,1978,6,84.8,Y
IDCJAC0001,23034,1978,7,98.2,Y
IDCJAC0001,23034,1978,8,59.6,Y
IDCJAC0001,23034,1978,9,79.2,Y
IDCJAC0001,23034,1978,10,20.8,Y
IDCJAC0001,23034,1978,11,43.8,Y
IDCJAC0001,23034,1978,12,16.4,Y
IDCJAC0001,23034,1979,1,29.4,Y
IDCJAC0001,23034,1979,2,11.8,Y
IDCJAC0001,23034,1979,3,11.4,Y
IDCJAC0001,23034,1979,4,37.6,Y
IDCJAC0001,23034,1979,5,53.6,Y
IDCJAC0001,23034,1979,6,16,Y
IDCJAC0001,23034,1979,7,46.4,Y
IDCJAC0001,23034,1979,8,89.6,Y
IDCJAC0001,23034,1979,9,100.6,Y
IDCJAC0001,23034,1979,10,44.4,Y
IDCJAC0001,23034,1979,11,37.4,Y
IDCJAC0001,23034,1979,12,33.8,Y
IDCJAC0001,23034,1980,1,2.6,Y
IDCJAC0001,23034,1980,2,0.4,Y
IDCJAC0001,23034,1980,3,1.8,Y
IDCJAC0001,23034,1980,4,48.2,Y
IDCJAC0001,23034,1980,5,37.2,Y
IDCJAC0001,23034,1980,6,77.4,Y
IDCJAC0001,23034,1980,7,63.8,Y
IDCJAC0001,23034,1980,8,17.2,Y
IDCJAC0001,23034,1980,9,18,Y
IDCJAC0001,23034,1980,10,89.4,Y
IDCJAC0001,23034,1980,11,29.2,Y
IDCJAC0001,23034,1980,12,29.4,Y
IDCJAC0001,23034,1981,1,20.2,Y
IDCJAC0001,23034,1981,2,3.2,Y
IDCJAC0001,23034,1981,3,42.2,Y
IDCJAC0001,23034,1981,4,1.6,Y
IDCJAC0001,23034,1981,5,46.8,Y
IDCJAC0001,23034,1981,6,137.8,Y
IDCJAC0001,23034,1981,7,95.8,Y
IDCJAC0001,23034,1981,8,82,Y
IDCJAC0001,23034,1981,9,29,Y
IDCJAC0001,23034,1981,10,33.6,Y
IDCJAC0001,23034,1981,11,30.4,Y
IDCJAC0001,23034,1981,12,14.6,Y
IDCJAC0001,23034,1982,1,22.6,Y
IDCJAC0001,23034,1982,2,5.8,Y
IDCJAC0001,23034,1982,3,46.8,Y
IDCJAC0001,23034,1982,4,56.4,Y
IDCJAC0001,23034,1982,5,38.6,Y
IDCJAC0001,23034,1982,6,41.6,Y
IDCJAC0001,23034,1982,7,18.2,Y
IDCJAC0001,23034,1982,8,17.2,Y
IDCJAC0001,23034,1982,9,20,Y
IDCJAC0001,23034,1982,10,10,Y
IDCJAC0001,23034,1982,11,1,Y
IDCJAC0001,23034,1982,12,8,Y
IDCJAC0001,23034,1983,1,11.6,Y
IDCJAC0001,23034,1983,2,2,Y
IDCJAC0001,23034,1983,3,112.2,Y
IDCJAC0001,23034,1983,4,80.4,Y
IDCJAC0001,23034,1983,5,45.4,Y
IDCJAC0001,23034,1983,6,26.8,Y
IDCJAC0001,23034,1983,7,89.4,Y
IDCJAC0001,23034,1983,8,77.6,Y
IDCJAC0001,23034,1983,9,61.2,Y
IDCJAC0001,23034,1983,10,48.8,Y
IDCJAC0001,23034,1983,11,8.2,Y
IDCJAC0001,23034,1983,12,12.6,Y
IDCJAC0001,23034,1984,1,17.8,Y
IDCJAC0001,23034,1984,2,2,Y
IDCJAC0001,23034,1984,3,23.6,Y
IDCJAC0001,23034,1984,4,20.4,Y
IDCJAC0001,23034,1984,5,39.6,Y
IDCJAC0001,23034,1984,6,31,Y
IDCJAC0001,23034,1984,7,67.2,Y
IDCJAC0001,23034,1984,8,79.8,Y
IDCJAC0001,23034,1984,9,46.4,Y
IDCJAC0001,23034,1984,10,22,Y
IDCJAC0001,23034,1984,11,34.6,Y
IDCJAC0001,23034,1984,12,5.4,Y
IDCJAC0001,23034,1985,1,1.2,Y
IDCJAC0001,23034,1985,2,2,Y
IDCJAC0001,23034,1985,3,39.4,Y
IDCJAC0001,23034,1985,4,28.4,Y
IDCJAC0001,23034,1985,5,58.4,Y
IDCJAC0001,23034,1985,6,37,Y
IDCJAC0001,23034,1985,7,34.4,Y
IDCJAC0001,23034,1985,8,62.8,Y
IDCJAC0001,23034,1985,9,37.4,Y
IDCJAC0001,23034,1985,10,37.8,Y
IDCJAC0001,23034,1985,11,9.6,Y
IDCJAC0001,23034,1985,12,30.4,Y
IDCJAC0001,23034,1986,1,11.2,Y
IDCJAC0001,23034,1986,2,0.6,Y
IDCJAC0001,23034,1986,3,0.2,Y
IDCJAC0001,23034,1986,4,42.6,Y
IDCJAC0001,23034,1986,5,44.2,Y
IDCJAC0001,23034,1986,6,35.2,Y
IDCJAC0001,23034,1986,7,116.4,Y
IDCJAC0001,23034,1986,8,85.2,Y
IDCJAC0001,23034,1986,9,51.2,Y
IDCJAC0001,23034,1986,10,50.8,Y
IDCJAC0001,23034,1986,11,15,Y
IDCJAC0001,23034,1986,12,28,Y
IDCJAC0001,23034,1987,1,19.6,Y
IDCJAC0001,23034,1987,2,40.8,Y
IDCJAC0001,23034,1987,3,25,Y
IDCJAC0001,23034,1987,4,16.2,Y
IDCJAC0001,23034,1987,5,110,Y
IDCJAC0001,23034,1987,6,68.6,Y
IDCJAC0001,23034,1987,7,112.2,Y
IDCJAC0001,23034,1987,8,23.2,Y
IDCJAC0001,23034,1987,9,15,Y
IDCJAC0001,23034,1987,10,42,Y
IDCJAC0001,23034,1987,11,2.8,Y
IDCJAC0001,23034,1987,12,35,Y
IDCJAC0001,23034,1988,1,24.6,Y
IDCJAC0001,23034,1988,2,12,Y
IDCJAC0001,23034,1988,3,23.8,Y
IDCJAC0001,23034,1988,4,12,Y
IDCJAC0001,23034,1988,5,68.4,Y
IDCJAC0001,23034,1988,6,81.6,Y
IDCJAC0001,23034,1988,7,55.6,Y
IDCJAC0001,23034,1988,8,33,Y
IDCJAC0001,23034,1988,9,46,Y
IDCJAC0001,23034,1988,10,10.8,Y
IDCJAC0001,23034,1988,11,26.2,Y
IDCJAC0001,23034,1988,12,47.6,Y
IDCJAC0001,23034,1989,1,2.4,Y
IDCJAC0001,23034,1989,2,1.8,Y
IDCJAC0001,23034,1989,3,1.8,Y
IDCJAC0001,23034,1989,4,30.4,Y
IDCJAC0001,23034,1989,5,87.2,Y
IDCJAC0001,23034,1989,6,65,Y
IDCJAC0001,23034,1989,7,69.8,Y
IDCJAC0001,23034,1989,8,49,Y
IDCJAC0001,23034,1989,9,36.2,Y
IDCJAC0001,23034,1989,10,29.4,Y
IDCJAC0001,23034,1989,11,21.2,Y
IDCJAC0001,23034,1989,12,9.2,Y
IDCJAC0001,23034,1990,1,10.4,Y
IDCJAC0001,23034,1990,2,8.2,Y
IDCJAC0001,23034,1990,3,1.2,Y
IDCJAC0001,23034,1990,4,7.8,Y
IDCJAC0001,23034,1990,5,8.8,Y
IDCJAC0001,23034,1990,6,69.8,Y
IDCJAC0001,23034,1990,7,89.8,Y
IDCJAC0001,23034,1990,8,66.4,Y
IDCJAC0001,23034,1990,9,38.4,Y
IDCJAC0001,23034,1990,10,28.4,Y
IDCJAC0001,23034,1990,11,5.6,Y
IDCJAC0001,23034,1990,12,40.4,Y
IDCJAC0001,23034,1991,1,23,Y
IDCJAC0001,23034,1991,2,0,Y
IDCJAC0001,23034,1991,3,4.4,Y
IDCJAC0001,23034,1991,4,28,Y
IDCJAC0001,23034,1991,5,13,Y
IDCJAC0001,23034,1991,6,95.6,Y
IDCJAC0001,23034,1991,7,68.2,Y
IDCJAC0001,23034,1991,8,59.4,Y
IDCJAC0001,23034,1991,9,69,Y
IDCJAC0001,23034,1991,10,6.8,Y
IDCJAC0001,23034,1991,11,24.6,Y
IDCJAC0001,23034,1991,12,5.6,Y
IDCJAC0001,23034,1992,1,0.6,Y
IDCJAC0001,23034,1992,2,12.2,Y
IDCJAC0001,23034,1992,3,63,Y
IDCJAC0001,23034,1992,4,38.8,Y
IDCJAC0001,23034,1992,5,67.6,Y
IDCJAC0001,23034,1992,6,57.2,Y
IDCJAC0001,23034,1992,7,42.8,Y
IDCJAC0001,23034,1992,8,103.8,Y
IDCJAC0001,23034,1992,9,113.6,Y
IDCJAC0001,23034,1992,10,74.8,Y
IDCJAC0001,23034,1992,11,66,Y
IDCJAC0001,23034,1992,12,90.4,Y
IDCJAC0001,23034,1993,1,31.2,Y
IDCJAC0001,23034,1993,2,14.8,Y
IDCJAC0001,23034,1993,3,18.4,Y
IDCJAC0001,23034,1993,4,0.8,Y
IDCJAC0001,23034,1993,5,40.2,Y
IDCJAC0001,23034,1993,6,35.2,Y
IDCJAC0001,23034,1993,7,54.2,Y
IDCJAC0001,23034,1993,8,43.8,Y
IDCJAC0001,23034,1993,9,60.4,Y
IDCJAC0001,23034,1993,10,77.2,Y
IDCJAC0001,23034,1993,11,23.6,Y
IDCJAC0001,23034,1993,12,89.8,Y
IDCJAC0001,23034,1994,1,28.6,Y
IDCJAC0001,23034,1994,2,18.4,Y
IDCJAC0001,23034,1994,3,0,Y
IDCJAC0001,23034,1994,4,8.4,Y
IDCJAC0001,23034,1994,5,32.8,Y
IDCJAC0001,23034,1994,6,73.2,Y
IDCJAC0001,23034,1994,7,42.6,N
IDCJAC0001,23034,1994,8,14.6,Y
IDCJAC0001,23034,1994,9,21.4,Y
IDCJAC0001,23034,1994,10,49.8,Y
IDCJAC0001,23034,1994,11,27,Y
IDCJAC0001,23034,1994,12,9.8,Y
IDCJAC0001,23034,1995,1,15,Y
IDCJAC0001,23034,1995,2,25.2,Y
IDCJAC0001,23034,1995,3,15,Y
IDCJAC0001,23034,1995,4,57.2,Y
IDCJAC0001,23034,1995,5,61.2,Y
IDCJAC0001,23034,1995,6,47,Y
IDCJAC0001,23034,1995,7,103.2,Y
IDCJAC0001,23034,1995,8,26.6,Y
IDCJAC0001,23034,1995,9,36.4,Y
IDCJAC0001,23034,1995,10,19,Y
IDCJAC0001,23034,1995,11,6.8,Y
IDCJAC0001,23034,1995,12,7.8,Y
IDCJAC0001,23034,1996,1,41,Y
IDCJAC0001,23034,1996,2,19.6,Y
IDCJAC0001,23034,1996,3,18.8,Y
IDCJAC0001,23034,1996,4,24.6,Y
IDCJAC0001,23034,1996,5,11.4,Y
IDCJAC0001,23034,1996,6,91.8,Y
IDCJAC0001,23034,1996,7,82.6,Y
IDCJAC0001,23034,1996,8,87.2,Y
IDCJAC0001,23034,1996,9,65.8,Y
IDCJAC0001,23034,1996,10,19,Y
IDCJAC0001,23034,1996,11,1.8,Y
IDCJAC0001,23034,1996,12,14.2,Y
IDCJAC0001,23034,1997,1,46.4,Y
IDCJAC0001,23034,1997,2,25.6,Y
IDCJAC0001,23034,1997,3,4.2,Y
IDCJAC0001,23034,1997,4,5.2,Y
IDCJAC0001,23034,1997,5,55,Y
IDCJAC0001,23034,1997,6,30.2,Y
IDCJAC0001,23034,1997,7,18.4,Y
IDCJAC0001,23034,1997,8,79,Y
IDCJAC0001,23034,1997,9,72.6,Y
IDCJAC0001,23034,1997,10,69.4,Y
IDCJAC0001,23034,1997,11,44.4,Y
IDCJAC0001,23034,1997,12,18.2,Y
IDCJAC0001,23034,1998,1,7,Y
IDCJAC0001,23034,1998,2,20.4,Y
IDCJAC0001,23034,1998,3,8.8,Y
IDCJAC0001,23034,1998,4,95.2,Y
IDCJAC0001,23034,1998,5,26.2,Y
IDCJAC0001,23034,1998,6,74.4,Y
IDCJAC0001,23034,1998,7,44.8,Y
IDCJAC0001,23034,1998,8,44.6,Y
IDCJAC0001,23034,1998,9,49.4,Y
IDCJAC0001,23034,1998,10,43.8,Y
IDCJAC0001,23034,1998,11,24.4,Y
IDCJAC0001,23034,1998,12,11.6,Y
IDCJAC0001,23034,1999,1,17.2,Y
IDCJAC0001,23034,1999,2,2,Y
IDCJAC0001,23034,1999,3,53.6,Y
IDCJAC0001,23034,1999,4,8.4,Y
IDCJAC0001,23034,1999,5,61,Y
IDCJAC0001,23034,1999,6,70,Y
IDCJAC0001,23034,1999,7,51.2,Y
IDCJAC0001,23034,1999,8,20.4,Y
IDCJAC0001,23034,1999,9,57.4,Y
IDCJAC0001,23034,1999,10,57,Y
IDCJAC0001,23034,1999,11,35.2,Y
IDCJAC0001,23034,1999,12,32.8,Y
IDCJAC0001,23034,2000,1,3,Y
IDCJAC0001,23034,2000,2,57,Y
IDCJAC0001,23034,2000,3,26.6,Y
IDCJAC0001,23034,2000,4,52.4,Y
IDCJAC0001,23034,2000,5,54.8,Y
IDCJAC0001,23034,2000,6,74.8,Y
IDCJAC0001,23034,2000,7,45.8,Y
IDCJAC0001,23034,2000,8,50.6,Y
IDCJAC0001,23034,2000,9,59,Y
IDCJAC0001,23034,2000,10,66.6,Y
IDCJAC0001,23034,2000,11,11.6,Y
IDCJAC0001,23034,2000,12,11.8,Y
IDCJAC0001,23034,2001,1,2,Y
IDCJAC0001,23034,2001,2,10.8,Y
IDCJAC0001,23034,2001,3,29.6,Y
IDCJAC0001,23034,2001,4,17.6,Y
IDCJAC0001,23034,2001,5,78,Y
IDCJAC0001,23034,2001,6,80.6,Y
IDCJAC0001,23034,2001,7,39.4,Y
IDCJAC0001,23034,2001,8,63.8,Y
IDCJAC0001,23034,2001,9,96.6,Y
IDCJAC0001,23034,2001,10,64,Y
IDCJAC0001,23034,2001,11,40.4,Y
IDCJAC0001,23034,2001,12,12,Y
IDCJAC0001,23034,2002,1,16.2,Y
IDCJAC0001,23034,2002,2,0.4,Y
IDCJAC0001,23034,2002,3,10.2,Y
IDCJAC0001,23034,2002,4,7.6,Y
IDCJAC0001,23034,2002,5,65,Y
IDCJAC0001,23034,2002,6,45,Y
IDCJAC0001,23034,2002,7,70.6,Y
IDCJAC0001,23034,2002,8,21.4,Y
IDCJAC0001,23034,2002,9,29.6,Y
IDCJAC0001,23034,2002,10,15.8,Y
IDCJAC0001,23034,2002,11,35.2,Y
IDCJAC0001,23034,2002,12,6,Y
IDCJAC0001,23034,2003,1,23.4,Y
IDCJAC0001,23034,2003,2,59.4,Y
IDCJAC0001,23034,2003,3,7.2,Y
IDCJAC0001,23034,2003,4,19,Y
IDCJAC0001,23034,2003,5,66.4,Y
IDCJAC0001,23034,2003,6,100.8,Y
IDCJAC0001,23034,2003,7,27.8,Y
IDCJAC0001,23034,2003,8,55.2,Y
IDCJAC0001,23034,2003,9,30.2,Y
IDCJAC0001,23034,2003,10,44.6,Y
IDCJAC0001,23034,2003,11,7.2,Y
IDCJAC0001,23034,2003,12,15.6,Y
IDCJAC0001,23034,2004,1,9.6,Y
IDCJAC0001,23034,2004,2,4,Y
IDCJAC0001,23034,2004,3,21.4,Y
IDCJAC0001,23034,2004,4,16,Y
IDCJAC0001,23034,2004,5,43,Y
IDCJAC0001,23034,2004,6,83.3,Y
IDCJAC0001,23034,2004,7,52.6,Y
IDCJAC0001,23034,2004,8,67.2,Y
IDCJAC0001,23034,2004,9,46.8,Y
IDCJAC0001,23034,2004,10,8.2,Y
IDCJAC0001,23034,2004,11,35.6,Y
IDCJAC0001,23034,2004,12,38.6,Y
IDCJAC0001,23034,2005,1,19.4,Y
IDCJAC0001,23034,2005,2,12.2,Y
IDCJAC0001,23034,2005,3,17.2,Y
IDCJAC0001,23034,2005,4,4,Y
IDCJAC0001,23034,2005,5,5.2,Y
IDCJAC0001,23034,2005,6,94.2,Y
IDCJAC0001,23034,2005,7,31.2,Y
IDCJAC0001,23034,2005,8,60,Y
IDCJAC0001,23034,2005,9,63.2,Y
IDCJAC0001,23034,2005,10,85.2,Y
IDCJAC0001,23034,2005,11,51.2,Y
IDCJAC0001,23034,2005,12,30.4,Y
IDCJAC0001,23034,2006,1,20.8,Y
IDCJAC0001,23034,2006,2,25.8,Y
IDCJAC0001,23034,2006,3,13.4,Y
IDCJAC0001,23034,2006,4,34.2,Y
IDCJAC0001,23034,2006,5,30,Y
IDCJAC0001,23034,2006,6,11.6,Y
IDCJAC0001,23034,2006,7,24,Y
IDCJAC0001,23034,2006,8,8.6,Y
IDCJAC0001,23034,2006,9,26,Y
IDCJAC0001,23034,2006,10,0.6,Y
IDCJAC0001,23034,2006,11,20.2,Y
IDCJAC0001,23034,2006,12,19.4,Y
IDCJAC0001,23034,2007,1,38,Y
IDCJAC0001,23034,2007,2,1,Y
IDCJAC0001,23034,2007,3,18.8,Y
IDCJAC0001,23034,2007,4,75,Y
IDCJAC0001,23034,2007,5,35.4,Y
IDCJAC0001,23034,2007,6,42,Y
IDCJAC0001,23034,2007,7,47.2,Y
IDCJAC0001,23034,2007,8,16.8,Y
IDCJAC0001,23034,2007,9,20.6,Y
IDCJAC0001,23034,2007,10,23.2,Y
IDCJAC0001,23034,2007,11,32.6,Y
IDCJAC0001,23034,2007,12,36,Y
IDCJAC0001,23034,2008,1,10.8,Y
IDCJAC0001,23034,2008,2,2.8,Y
IDCJAC0001,23034,2008,3,11.6,Y
IDCJAC0001,23034,2008,4,29,Y
IDCJAC0001,23034,2008,5,43.4,Y
IDCJAC0001,23034,2008,6,24.4,Y
IDCJAC0001,23034,2008,7,39,Y
IDCJAC0001,23034,2008,8,71.2,Y
IDCJAC0001,23034,2008,9,12.2,Y
IDCJAC0001,23034,2008,10,3,Y
IDCJAC0001,23034,2008,11,13.2,Y
IDCJAC0001,23034,2008,12,31.4,Y
IDCJAC0001,23034,2009,1,0,Y
IDCJAC0001,23034,2009,2,0.2,Y
IDCJAC0001,23034,2009,3,18.6,Y
IDCJAC0001,23034,2009,4,51.2,Y
IDCJAC0001,23034,2009,5,51.6,Y
IDCJAC0001,23034,2009,6,39,Y
IDCJAC0001,23034,2009,7,67.8,Y
IDCJAC0001,23034,2009,8,33.2,Y
IDCJAC0001,23034,2009,9,51.4,Y
IDCJAC0001,23034,2009,10,20.4,Y
IDCJAC0001,23034,2009,11,32.2,Y
IDCJAC0001,23034,2009,12,14.8,Y
IDCJAC0001,23034,2010,1,11,Y
IDCJAC0001,23034,2010,2,3.2,Y
IDCJAC0001,23034,2010,3,19.8,Y
IDCJAC0001,23034,2010,4,63.4,Y
IDCJAC0001,23034,2010,5,60.2,Y
IDCJAC0001,23034,2010,6,61,Y
IDCJAC0001,23034,2010,7,46.8,Y
IDCJAC0001,23034,2010,8,77.2,Y
IDCJAC0001,23034,2010,9,57.8,Y
IDCJAC0001,23034,2010,10,34.2,Y
IDCJAC0001,23034,2010,11,18.8,N
IDCJAC0001,23034,2010,12,38.2,Y
IDCJAC0001,23034,2011,1,16.2,Y
IDCJAC0001,23034,2011,2,38.4,Y
IDCJAC0001,23034,2011,3,75.4,Y
IDCJAC0001,23034,2011,4,17.6,Y
IDCJAC0001,23034,2011,5,36.8,Y
IDCJAC0001,23034,2011,6,31.2,Y
IDCJAC0001,23034,2011,7,55,Y
IDCJAC0001,23034,2011,8,60.2,Y
IDCJAC0001,23034,2011,9,40.2,Y
IDCJAC0001,23034,2011,10,30.2,Y
IDCJAC0001,23034,2011,11,17.6,Y
IDCJAC0001,23034,2011,12,25.4,Y
IDCJAC0001,23034,2012,1,11.4,Y
IDCJAC0001,23034,2012,2,16.4,Y
IDCJAC0001,23034,2012,3,55.6,Y
IDCJAC0001,23034,2012,4,27.2,Y
IDCJAC0001,23034,2012,5,53.4,Y
IDCJAC0001,23034,2012,6,114.6,Y
IDCJAC0001,23034,2012,7,30.8,Y
IDCJAC0001,23034,2012,8,52.6,Y
IDCJAC0001,23034,2012,9,18.2,Y
IDCJAC0001,23034,2012,10,14.4,Y
IDCJAC0001,23034,2012,11,13,Y
IDCJAC0001,23034,2012,12,7.2,Y
IDCJAC0001,23034,2013,1,11.4,Y
IDCJAC0001,23034,2013,2,16,Y
IDCJAC0001,23034,2013,3,8,Y
IDCJAC0001,23034,2013,4,31.2,Y
IDCJAC0001,23034,2013,5,60,Y
IDCJAC0001,23034,2013,6,77.8,Y
IDCJAC0001,23034,2013,7,96.6,Y
IDCJAC0001,23034,2013,8,64,Y
IDCJAC0001,23034,2013,9,37.2,Y
IDCJAC0001,23034,2013,10,15.4,Y
IDCJAC0001,23034,2013,11,4.8,Y
IDCJAC0001,23034,2013,12,9.8,Y
IDCJAC0001,23034,2014,1,13,Y
IDCJAC0001,23034,2014,2,81,Y
IDCJAC0001,23034,2014,3,22.6,Y
IDCJAC0001,23034,2014,4,31.2,Y
IDCJAC0001,23034,2014,5,62.4,Y
IDCJAC0001,23034,2014,6,69.6,Y
IDCJAC0001,23034,2014,7,72.8,Y
IDCJAC0001,23034,2014,9,21.8,Y
IDCJAC0001,23034,2014,10,5.4,Y
IDCJAC0001,23034,2014,11,27.4,Y
IDCJAC0001,23034,2014,12,4.8,Y
IDCJAC0001,23034,2015,1,30,Y
IDCJAC0001,23034,2015,2,0,Y
IDCJAC0001,23034,2015,3,2.6,Y
IDCJAC0001,23034,2015,4,50,Y
IDCJAC0001,23034,2015,5,52.6,Y
IDCJAC0001,23034,2015,6,18.6,Y
IDCJAC0001,23034,2015,7,42.2,Y
IDCJAC0001,23034,2015,8,36.4,Y
IDCJAC0001,23034,2015,9,15.6,Y
IDCJAC0001,23034,2015,10,5.6,Y
IDCJAC0001,23034,2015,11,14.6,Y
IDCJAC0001,23034,2015,12,7.8,Y
IDCJAC0001,23034,2016,1,35.6,N
IDCJAC0001,23034,2016,2,14.8,Y
IDCJAC0001,23034,2016,3,41.6,Y
IDCJAC0001,23034,2016,4,8,Y
IDCJAC0001,23034,2016,5,64.2,Y
IDCJAC0001,23034,2016,6,72,Y
IDCJAC0001,23034,2016,7,95.4,Y
IDCJAC0001,23034,2016,8,49,Y
IDCJAC0001,23034,2016,9,102.2,Y
IDCJAC0001,23034,2016,10,59.6,Y
IDCJAC0001,23034,2016,11,30.2,Y
IDCJAC0001,23034,2016,12,75.8,Y
IDCJAC0001,23034,2017,1,39.4,Y
IDCJAC0001,23034,2017,2,32.4,Y
IDCJAC0001,23034,2017,3,6.6,Y
IDCJAC0001,23034,2017,4,24.8,Y
IDCJAC0001,23034,2017,5,27.8,Y
IDCJAC0001,23034,2017,6,10.6,Y
IDCJAC0001,23034,2017,7,75.2,Y
IDCJAC0001,23034,2017,8,82.2,Y
IDCJAC0001,23034,2017,9,48.4,Y
IDCJAC0001,23034,2017,10,26,Y
IDCJAC0001,23034,2017,11,9.4,Y
IDCJAC0001,23034,2017,12,31.6,Y
IDCJAC0001,23034,2018,1,8.8,N
IDCJAC0001,23034,2018,2,2.8,Y
IDCJAC0001,23034,2018,3,5.8,Y
IDCJAC0001,23034,2018,4,14.6,N
IDCJAC0001,23034,2018,5,29.4,N
IDCJAC0001,23034,2018,6,33.8,N
IDCJAC0001,23034,2018,7,43.6,N
IDCJAC0001,23034,2018,8,71.2,N
IDCJAC0001,23034,2018,9,20.8,Y
IDCJAC0001,23034,2018,10,13,N
IDCJAC0001,23034,2018,11,34.8,Y
IDCJAC0001,23034,2018,12,21,N
IDCJAC0001,23034,2019,1,0.2,N
IDCJAC0001,23034,2019,2,6.4,N
IDCJAC0001,23034,2019,3,9,N
IDCJAC0001,23034,2019,4,4.2,N
IDCJAC0001,23034,2019,5,75,Y
IDCJAC0001,23034,2019,6,83.4,Y
IDCJAC0001,23034,2019,7,36.6,Y
IDCJAC0001,23034,2019,8,33.8,Y
IDCJAC0001,23034,2019,9,37.4,Y
IDCJAC0001,23034,2019,10,15.4,Y
IDCJAC0001,23034,2019,11,18.2,Y
IDCJAC0001,23034,2019,12,3.4,Y
IDCJAC0001,23034,2020,1,17.8,N
IDCJAC0001,23034,2020,2,32.8,Y
IDCJAC0001,23034,2020,3,4.8,Y
IDCJAC0001,23034,2020,4,88.2,Y
IDCJAC0001,23034,2020,5,40.8,Y
IDCJAC0001,23034,2020,6,48,Y
IDCJAC0001,23034,2020,7,15.2,Y
IDCJAC0001,23034,2020,8,34,N
IDCJAC0001,23034,2020,9,42.2,Y
IDCJAC0001,23034,2020,10,41.4,N
IDCJAC0001,23034,2020,11,10.8,Y
IDCJAC0001,23034,2020,12,17,Y
IDCJAC0001,23034,2021,1,26,Y
IDCJAC0001,23034,2021,2,18.8,N
IDCJAC0001,23034,2021,3,17.6,Y
IDCJAC0001,23034,2021,4,11.2,Y
IDCJAC0001,23034,2021,5,30.6,Y
IDCJAC0001,23034,2021,6,79.6,N
IDCJAC0001,23034,2021,7,85.4,N
IDCJAC0001,23034,2021,8,39.4,N
IDCJAC0001,23034,2021,9,22,N
IDCJAC0001,23034,2021,10,40.6,Y
IDCJAC0001,23034,2021,11,29.8,Y
IDCJAC0001,23034,2021,12,1.6,Y
IDCJAC0001,23034,2022,1,40,Y
IDCJAC0001,23034,2022,2,9,N
IDCJAC0001,23034,2022,3,12,Y
IDCJAC0001,23034,2022,4,15,Y
IDCJAC0001,23034,2022,5,63.2,N
IDCJAC0001,23034,2022,6,60.8,N
IDCJAC0001,23034,2022,7,21.6,Y
IDCJAC0001,23034,2022,8,72.2,N
IDCJAC0001,23034,2022,9,49.2,N
IDCJAC0001,23034,2022,10,44.6,Y
IDCJAC0001,23034,2022,11,85.4,Y
IDCJAC0001,23034,2022,12,8,Y
IDCJAC0001,23034,2023,1,17.8,Y
IDCJAC0001,23034,2023,2,12.8,Y
IDCJAC0001,23034,2023,3,31.2,Y
IDCJAC0001,23034,2023,4,45.8,Y
IDCJAC0001,23034,2023,5,62.2,Y
IDCJAC0001,23034,2023,6,107,Y
IDCJAC0001,23034,2023,7,37.4,Y
IDCJAC0001,23034,2023,8,37.6,Y
IDCJAC0001,23034,2023,9,20.6,Y
IDCJAC0001,23034,2023,10,12,Y
IDCJAC0001,23034,2023,11,59,Y
IDCJAC0001,23034,2023,12,58.4,Y
IDCJAC0001,23034,2024,1,55.6,Y
IDCJAC0001,23034,2024,2,0,Y
IDCJAC0001,23034,2024,3,2.6,N
IDCJAC0001,23034,2024,4,11.4,Y
IDCJAC0001,23034,2024,5,9.4,Y
IDCJAC0001,23034,2024,6,57.4,N
IDCJAC0001,23034,2024,7,41.8,N
IDCJAC0001,23034,2024,8,35.6,N
IDCJAC0001,23034,2024,9,22.6,N
IDCJAC0001,23034,2024,10,9.8,Y
IDCJAC0001,23034,2024,11,22.4,N
IDCJAC0001,23034,2024,12,11.4,Y
IDCJAC0001,23034,2025,1,4.4,Y
IDCJAC0001,23034,2025,2,0.8,N
IDCJAC0001,23034,2025,3,3.6,Y
IDCJAC0001,23034,2025,4,5,Y
IDCJAC0001,23034,2025,5,24.8,Y
IDCJAC0001,23034,2025,6,69.4,N
IDCJAC0001,23034,2025,7,91.4,Y
IDCJAC0001,23034,2025,8,34,N
IDCJAC0001,23034,2025,9,22.8,Y
IDCJAC0001,23034,2025,10,41.4,N
IDCJAC0001,23034,2025,11,63.6,N
IDCJAC0001,23034,2025,12,1.8,Y
IDCJAC0001,23034,2026,1,0,N
IDCJAC0001,23034,2026,2,7.4,N
