Product code,Bureau of Meteorology station number,Year,Month, Temperature,Quality
IDCJAC0002,23034,1955,2,25.9,Y
IDCJAC0002,23034,1955,3,25.3,Y
IDCJAC0002,23034,1955,4,21.8,Y
IDCJAC0002,23034,1955,5,16.7,Y
IDCJAC0002,23034,1955,6,15.2,Y
IDCJAC0002,23034,1955,7,14.1,Y
IDCJAC0002,23034,1955,8,16.2,Y
IDCJAC0002,23034,1955,9,19.1,Y
IDCJAC0002,23034,1955,10,20.5,Y
IDCJAC0002,23034,1955,11,21,Y
IDCJAC0002,23034,1955,12,23.6,Y
IDCJAC0002,23034,1956,1,25.5,Y
IDCJAC0002,23034,1956,2,29.9,Y
IDCJAC0002,23034,1956,3,25.8,Y
IDCJAC0002,23034,1956,4,21.4,Y
IDCJAC0002,23034,1956,5,18.3,Y
IDCJAC0002,23034,1956,6,14.5,Y
IDCJAC0002,23034,1956,7,14.1,Y
IDCJAC0002,23034,1956,8,14.5,Y
IDCJAC0002,23034,1956,9,16.3,Y
IDCJAC0002,23034,1956,10,18.5,Y
IDCJAC0002,23034,1956,11,21.4,Y
IDCJAC0002,23034,1956,12,22.4,Y
IDCJAC0002,23034,1957,1,26.7,Y
IDCJAC0002,23034,1957,2,26.5,Y
IDCJAC0002,23034,1957,3,24,Y
IDCJAC0002,23034,1957,4,21,Y
IDCJAC0002,23034,1957,5,18.5,Y
IDCJAC0002,23034,1957,6,19.9,Y
IDCJAC0002,23034,1957,7,13.9,Y
IDCJAC0002,23034,1957,8,15.6,Y
IDCJAC0002,23034,1957,9,17.1,Y
IDCJAC0002,23034,1957,10,20.1,Y
IDCJAC0002,23034,1957,11,22.4,Y
IDCJAC0002,23034,1957,12,26,Y
IDCJAC0002,23034,1958,1,26.3,Y
IDCJAC0002,23034,1958,2,26.8,Y
IDCJAC0002,23034,1958,3,23.9,Y
IDCJAC0002,23034,1958,4,23.4,Y
IDCJAC0002,23034,1958,5,19.2,Y
IDCJAC0002,23034,1958,6,14.9,Y
IDCJAC0002,23034,1958,7,14.3,Y
IDCJAC0002,23034,1958,8,15.1,Y
IDCJAC0002,23034,1958,9,16.2,Y
IDCJAC0002,23034,1958,10,18.7,Y
IDCJAC0002,23034,1958,11,23.5,Y
IDCJAC0002,23034,1958,12,23,Y
IDCJAC0002,23034,1959,1,28.9,Y
IDCJAC0002,23034,1959,2,26.3,Y
IDCJAC0002,23034,1959,3,25.4,Y
IDCJAC0002,23034,1959,4,22.6,Y
IDCJAC0002,23034,1959,5,19,Y
IDCJAC0002,23034,1959,6,16.3,Y
IDCJAC0002,23034,1959,7,14.9,Y
IDCJAC0002,23034,1959,8,17.9,Y
IDCJAC0002,23034,1959,9,18.5,Y
IDCJAC0002,23034,1959,10,20.6,Y
IDCJAC0002,23034,1959,11,26.6,Y
IDCJAC0002,23034,1959,12,22.1,Y
IDCJAC0002,23034,1960,1,30.1,Y
IDCJAC0002,23034,1960,2,25,Y
IDCJAC0002,23034,1960,3,25.8,Y
IDCJAC0002,23034,1960,4,19.5,Y
IDCJAC0002,23034,1960,5,15.6,Y
IDCJAC0002,23034,1960,6,14.5,Y
IDCJAC0002,23034,1960,7,14,Y
IDCJAC0002,23034,1960,8,14.3,Y
IDCJAC0002,23034,1960,9,16.3,Y
IDCJAC0002,23034,1960,10,21.5,Y
IDCJAC0002,23034,1960,11,20.8,Y
IDCJAC0002,23034,1960,12,27.8,Y
IDCJAC0002,23034,1961,1,30,Y
IDCJAC0002,23034,1961,2,27.8,Y
IDCJAC0002,23034,1961,3,25.6,Y
IDCJAC0002,23034,1961,4,22.1,Y
IDCJAC0002,23034,1961,5,18.8,Y
IDCJAC0002,23034,1961,6,17.1,Y
IDCJAC0002,23034,1961,7,14.5,Y
IDCJAC0002,23034,1961,8,15.6,Y
IDCJAC0002,23034,1961,9,20.5,Y
IDCJAC0002,23034,1961,10,22.6,Y
IDCJAC0002,23034,1961,11,23.6,Y
IDCJAC0002,23034,1961,12,25.9,Y
IDCJAC0002,23034,1962,1,28.1,Y
IDCJAC0002,23034,1962,2,27.1,Y
IDCJAC0002,23034,1962,3,25.6,Y
IDCJAC0002,23034,1962,4,22.8,Y
IDCJAC0002,23034,1962,5,17,Y
IDCJAC0002,23034,1962,6,17,Y
IDCJAC0002,23034,1962,7,15.8,Y
IDCJAC0002,23034,1962,8,15.7,Y
IDCJAC0002,23034,1962,9,18.5,Y
IDCJAC0002,23034,1962,10,19.8,Y
IDCJAC0002,23034,1962,11,25.1,Y
IDCJAC0002,23034,1962,12,24.5,Y
IDCJAC0002,23034,1963,1,27,Y
IDCJAC0002,23034,1963,2,27.3,Y
IDCJAC0002,23034,1963,3,24.8,Y
IDCJAC0002,23034,1963,4,21.4,Y
IDCJAC0002,23034,1963,5,17.3,Y
IDCJAC0002,23034,1963,6,15.5,Y
IDCJAC0002,23034,1963,7,13.8,Y
IDCJAC0002,23034,1963,8,15.5,Y
IDCJAC0002,23034,1963,9,18.8,Y
IDCJAC0002,23034,1963,10,22.3,Y
IDCJAC0002,23034,1963,11,24.6,Y
IDCJAC0002,23034,1963,12,26.4,Y
IDCJAC0002,23034,1964,1,26.1,Y
IDCJAC0002,23034,1964,2,25,Y
IDCJAC0002,23034,1964,3,24.7,Y
IDCJAC0002,23034,1964,4,21.4,Y
IDCJAC0002,23034,1964,5,18.4,Y
IDCJAC0002,23034,1964,6,15.8,Y
IDCJAC0002,23034,1964,7,15,Y
IDCJAC0002,23034,1964,8,15.5,Y
IDCJAC0002,23034,1964,9,17.9,Y
IDCJAC0002,23034,1964,10,18.9,Y
IDCJAC0002,23034,1964,11,23.3,Y
IDCJAC0002,23034,1964,12,21.1,Y
IDCJAC0002,23034,1965,1,26.2,Y
IDCJAC0002,23034,1965,2,28.5,Y
IDCJAC0002,23034,1965,3,25.6,Y
IDCJAC0002,23034,1965,4,19.9,Y
IDCJAC0002,23034,1965,5,18.6,Y
IDCJAC0002,23034,1965,6,16.1,Y
IDCJAC0002,23034,1965,7,14.2,Y
IDCJAC0002,23034,1965,8,15.9,Y
IDCJAC0002,23034,1965,9,18.6,Y
IDCJAC0002,23034,1965,10,22.8,Y
IDCJAC0002,23034,1965,11,23.3,Y
IDCJAC0002,23034,1965,12,28.2,Y
IDCJAC0002,23034,1966,1,29.3,Y
IDCJAC0002,23034,1966,2,26.3,Y
IDCJAC0002,23034,1966,3,25.3,Y
IDCJAC0002,23034,1966,4,21.1,Y
IDCJAC0002,23034,1966,5,17.8,Y
IDCJAC0002,23034,1966,6,16.1,Y
IDCJAC0002,23034,1966,7,13.8,Y
IDCJAC0002,23034,1966,8,15.1,Y
IDCJAC0002,23034,1966,9,17.3,Y
IDCJAC0002,23034,1966,10,19.7,Y
IDCJAC0002,23034,1966,11,24.7,Y
IDCJAC0002,23034,1966,12,24.4,Y
IDCJAC0002,23034,1967,1,25.5,Y
IDCJAC0002,23034,1967,2,29.3,Y
IDCJAC0002,23034,1967,3,25.3,Y
IDCJAC0002,23034,1967,4,24.6,Y
IDCJAC0002,23034,1967,5,19.9,Y
IDCJAC0002,23034,1967,6,18,Y
IDCJAC0002,23034,1967,7,15.8,Y
IDCJAC0002,23034,1967,8,15.7,Y
IDCJAC0002,23034,1967,9,18.8,Y
IDCJAC0002,23034,1967,10,23.4,Y
IDCJAC0002,23034,1967,11,25.1,Y
IDCJAC0002,23034,1967,12,25.4,Y
IDCJAC0002,23034,1968,1,31,Y
IDCJAC0002,23034,1968,2,30.5,Y
IDCJAC0002,23034,1968,3,26.4,Y
IDCJAC0002,23034,1968,4,23.6,Y
IDCJAC0002,23034,1968,5,16.9,Y
IDCJAC0002,23034,1968,6,15.1,Y
IDCJAC0002,23034,1968,7,13.7,Y
IDCJAC0002,23034,1968,8,14.5,Y
IDCJAC0002,23034,1968,9,17.3,Y
IDCJAC0002,23034,1968,10,21.2,Y
IDCJAC0002,23034,1968,11,21.7,Y
IDCJAC0002,23034,1968,12,25.4,Y
IDCJAC0002,23034,1969,1,30.5,Y
IDCJAC0002,23034,1969,2,26.3,Y
IDCJAC0002,23034,1969,3,24.6,Y
IDCJAC0002,23034,1969,4,22.4,Y
IDCJAC0002,23034,1969,5,17.8,Y
IDCJAC0002,23034,1969,6,15.4,Y
IDCJAC0002,23034,1969,7,15.9,Y
IDCJAC0002,23034,1969,8,17.1,Y
IDCJAC0002,23034,1969,9,15.9,Y
IDCJAC0002,23034,1969,10,22.5,Y
IDCJAC0002,23034,1969,11,23.7,Y
IDCJAC0002,23034,1969,12,23.5,Y
IDCJAC0002,23034,1970,1,26.1,Y
IDCJAC0002,23034,1970,2,29.4,Y
IDCJAC0002,23034,1970,3,24.8,Y
IDCJAC0002,23034,1970,4,22.8,Y
IDCJAC0002,23034,1970,5,17.6,Y
IDCJAC0002,23034,1970,6,16.6,Y
IDCJAC0002,23034,1970,7,15.1,Y
IDCJAC0002,23034,1970,8,14.3,Y
IDCJAC0002,23034,1970,9,15.9,Y
IDCJAC0002,23034,1970,10,20.5,Y
IDCJAC0002,23034,1970,11,23.6,Y
IDCJAC0002,23034,1970,12,25.7,Y
IDCJAC0002,23034,1971,1,27.6,Y
IDCJAC0002,23034,1971,2,29.3,Y
IDCJAC0002,23034,1971,3,28.2,Y
IDCJAC0002,23034,1971,4,24.1,Y
IDCJAC0002,23034,1971,5,17.7,Y
IDCJAC0002,23034,1971,6,15.1,Y
IDCJAC0002,23034,1971,7,14.7,Y
IDCJAC0002,23034,1971,8,15,Y
IDCJAC0002,23034,1971,9,17.3,Y
IDCJAC0002,23034,1971,10,20.1,Y
IDCJAC0002,23034,1971,11,21.1,Y
IDCJAC0002,23034,1971,12,24.5,Y
IDCJAC0002,23034,1972,1,26.8,Y
IDCJAC0002,23034,1972,2,28.5,Y
IDCJAC0002,23034,1972,3,24.6,Y
IDCJAC0002,23034,1972,4,23.7,Y
IDCJAC0002,23034,1972,5,20.3,Y
IDCJAC0002,23034,1972,6,17.1,Y
IDCJAC0002,23034,1972,7,15.2,Y
IDCJAC0002,23034,1972,8,16.3,Y
IDCJAC0002,23034,1972,9,19.4,Y
IDCJAC0002,23034,1972,10,21.6,Y
IDCJAC0002,23034,1972,11,23.5,Y
IDCJAC0002,23034,1972,12,27,Y
IDCJAC0002,23034,1973,1,30.3,Y
IDCJAC0002,23034,1973,2,27.4,Y
IDCJAC0002,23034,1973,3,24.9,Y
IDCJAC0002,23034,1973,4,23.1,Y
IDCJAC0002,23034,1973,5,19.8,Y
IDCJAC0002,23034,1973,6,14.9,Y
IDCJAC0002,23034,1973,7,16.2,Y
IDCJAC0002,23034,1973,8,16.3,Y
IDCJAC0002,23034,1973,9,18.8,Y
IDCJAC0002,23034,1973,10,21.4,Y
IDCJAC0002,23034,1973,11,23.6,Y
IDCJAC0002,23034,1973,12,27.2,Y
IDCJAC0002,23034,1974,1,30,Y
IDCJAC0002,23034,1974,2,26.6,Y
IDCJAC0002,23034,1974,3,27.9,Y
IDCJAC0002,23034,1974,4,21.4,Y
IDCJAC0002,23034,1974,5,18,Y
IDCJAC0002,23034,1974,6,16.3,Y
IDCJAC0002,23034,1974,7,15.2,Y
IDCJAC0002,23034,1974,8,16.2,Y
IDCJAC0002,23034,1974,9,16.8,Y
IDCJAC0002,23034,1974,10,19.8,Y
IDCJAC0002,23034,1974,11,22.5,Y
IDCJAC0002,23034,1974,12,25,Y
IDCJAC0002,23034,1975,1,25.3,Y
IDCJAC0002,23034,1975,2,29.8,Y
IDCJAC0002,23034,1975,3,24.2,Y
IDCJAC0002,23034,1975,4,21.7,Y
IDCJAC0002,23034,1975,5,19.6,Y
IDCJAC0002,23034,1975,6,15.7,Y
IDCJAC0002,23034,1975,7,17.1,Y
IDCJAC0002,23034,1975,8,15.4,Y
IDCJAC0002,23034,1975,9,18.5,Y
IDCJAC0002,23034,1975,10,19.2,Y
IDCJAC0002,23034,1975,11,24.9,Y
IDCJAC0002,23034,1975,12,28.1,Y
IDCJAC0002,23034,1976,1,26.9,Y
IDCJAC0002,23034,1976,2,29.3,Y
IDCJAC0002,23034,1976,3,25,Y
IDCJAC0002,23034,1976,4,21.7,Y
IDCJAC0002,23034,1976,5,17.9,Y
IDCJAC0002,23034,1976,6,15.8,Y
IDCJAC0002,23034,1976,7,15.7,Y
IDCJAC0002,23034,1976,8,16.6,Y
IDCJAC0002,23034,1976,9,17.6,Y
IDCJAC0002,23034,1976,10,18.8,Y
IDCJAC0002,23034,1976,11,23,Y
IDCJAC0002,23034,1976,12,26.3,Y
IDCJAC0002,23034,1977,1,28.5,Y
IDCJAC0002,23034,1977,2,29,Y
IDCJAC0002,23034,1977,3,24.6,Y
IDCJAC0002,23034,1977,4,20.2,Y
IDCJAC0002,23034,1977,5,18.5,Y
IDCJAC0002,23034,1977,6,15.3,Y
IDCJAC0002,23034,1977,7,15.3,Y
IDCJAC0002,23034,1977,8,19,Y
IDCJAC0002,23034,1977,9,17.8,Y
IDCJAC0002,23034,1977,10,22.5,Y
IDCJAC0002,23034,1977,11,23.5,Y
IDCJAC0002,23034,1977,12,27.3,Y
IDCJAC0002,23034,1978,1,26.6,Y
IDCJAC0002,23034,1978,2,27.1,Y
IDCJAC0002,23034,1978,3,26,Y
IDCJAC0002,23034,1978,4,22.2,Y
IDCJAC0002,23034,1978,5,19,Y
IDCJAC0002,23034,1978,6,15.5,Y
IDCJAC0002,23034,1978,7,14.4,Y
IDCJAC0002,23034,1978,8,14.8,Y
IDCJAC0002,23034,1978,9,16.8,Y
IDCJAC0002,23034,1978,10,21.3,Y
IDCJAC0002,23034,1978,11,23,Y
IDCJAC0002,23034,1978,12,25.8,Y
IDCJAC0002,23034,1979,1,31.4,Y
IDCJAC0002,23034,1979,2,29.1,Y
IDCJAC0002,23034,1979,3,25.8,Y
IDCJAC0002,23034,1979,4,20.9,Y
IDCJAC0002,23034,1979,5,17.8,Y
IDCJAC0002,23034,1979,6,17.4,Y
IDCJAC0002,23034,1979,7,15.7,Y
IDCJAC0002,23034,1979,8,15.5,Y
IDCJAC0002,23034,1979,9,17.7,Y
IDCJAC0002,23034,1979,10,20,Y
IDCJAC0002,23034,1979,11,24.4,Y
IDCJAC0002,23034,1979,12,25.8,Y
IDCJAC0002,23034,1980,1,25.7,Y
IDCJAC0002,23034,1980,2,27.8,Y
IDCJAC0002,23034,1980,3,25.3,Y
IDCJAC0002,23034,1980,4,24.4,Y
IDCJAC0002,23034,1980,5,20.1,Y
IDCJAC0002,23034,1980,6,15.8,Y
IDCJAC0002,23034,1980,7,15.3,Y
IDCJAC0002,23034,1980,8,17.1,Y
IDCJAC0002,23034,1980,9,19.6,Y
IDCJAC0002,23034,1980,10,21.6,Y
IDCJAC0002,23034,1980,11,25.7,Y
IDCJAC0002,23034,1980,12,28.1,Y
IDCJAC0002,23034,1981,1,31.6,Y
IDCJAC0002,23034,1981,2,30,Y
IDCJAC0002,23034,1981,3,22.9,Y
IDCJAC0002,23034,1981,4,24.1,Y
IDCJAC0002,23034,1981,5,18.4,Y
IDCJAC0002,23034,1981,6,15.6,Y
IDCJAC0002,23034,1981,7,15,Y
IDCJAC0002,23034,1981,8,15,Y
IDCJAC0002,23034,1981,9,19.5,Y
IDCJAC0002,23034,1981,10,21.2,Y
IDCJAC0002,23034,1981,11,23.4,Y
IDCJAC0002,23034,1981,12,25.7,Y
IDCJAC0002,23034,1982,1,30.3,Y
IDCJAC0002,23034,1982,2,28.6,Y
IDCJAC0002,23034,1982,3,26.2,Y
IDCJAC0002,23034,1982,4,21.9,Y
IDCJAC0002,23034,1982,5,18.2,Y
IDCJAC0002,23034,1982,6,14.8,Y
IDCJAC0002,23034,1982,7,14.6,Y
IDCJAC0002,23034,1982,8,19.1,Y
IDCJAC0002,23034,1982,9,18.2,Y
IDCJAC0002,23034,1982,10,21,Y
IDCJAC0002,23034,1982,11,26.5,Y
IDCJAC0002,23034,1982,12,26.7,Y
IDCJAC0002,23034,1983,1,27.4,Y
IDCJAC0002,23034,1983,2,31,Y
IDCJAC0002,23034,1983,3,25.2,Y
IDCJAC0002,23034,1983,4,19.6,Y
IDCJAC0002,23034,1983,5,18,Y
IDCJAC0002,23034,1983,6,15.7,Y
IDCJAC0002,23034,1983,7,14.1,Y
IDCJAC0002,23034,1983,8,16.6,Y
IDCJAC0002,23034,1983,9,17.9,Y
IDCJAC0002,23034,1983,10,20.9,Y
IDCJAC0002,23034,1983,11,23.9,Y
IDCJAC0002,23034,1983,12,27.7,Y
IDCJAC0002,23034,1984,1,26.5,Y
IDCJAC0002,23034,1984,2,27.7,Y
IDCJAC0002,23034,1984,3,24.8,Y
IDCJAC0002,23034,1984,4,21.1,Y
IDCJAC0002,23034,1984,5,19.6,Y
IDCJAC0002,23034,1984,6,16.2,Y
IDCJAC0002,23034,1984,7,14,Y
IDCJAC0002,23034,1984,8,15.5,Y
IDCJAC0002,23034,1984,9,16,Y
IDCJAC0002,23034,1984,10,20.8,Y
IDCJAC0002,23034,1984,11,23.4,Y
IDCJAC0002,23034,1984,12,26.1,Y
IDCJAC0002,23034,1985,1,27.6,Y
IDCJAC0002,23034,1985,2,28,Y
IDCJAC0002,23034,1985,3,26.8,Y
IDCJAC0002,23034,1985,4,22.7,Y
IDCJAC0002,23034,1985,5,18.7,Y
IDCJAC0002,23034,1985,6,15.7,Y
IDCJAC0002,23034,1985,7,15.4,Y
IDCJAC0002,23034,1985,8,15.7,Y
IDCJAC0002,23034,1985,9,17.2,Y
IDCJAC0002,23034,1985,10,21.1,Y
IDCJAC0002,23034,1985,11,23.5,Y
IDCJAC0002,23034,1985,12,23.8,Y
IDCJAC0002,23034,1986,1,26.5,Y
IDCJAC0002,23034,1986,2,26.2,Y
IDCJAC0002,23034,1986,3,27.9,Y
IDCJAC0002,23034,1986,4,21.7,Y
IDCJAC0002,23034,1986,5,18.7,Y
IDCJAC0002,23034,1986,6,15.7,Y
IDCJAC0002,23034,1986,7,14,Y
IDCJAC0002,23034,1986,8,15.5,Y
IDCJAC0002,23034,1986,9,17.2,Y
IDCJAC0002,23034,1986,10,19.2,Y
IDCJAC0002,23034,1986,11,23.7,Y
IDCJAC0002,23034,1986,12,24.1,Y
IDCJAC0002,23034,1987,1,24.6,Y
IDCJAC0002,23034,1987,2,27.5,Y
IDCJAC0002,23034,1987,3,23.4,Y
IDCJAC0002,23034,1987,4,22.8,Y
IDCJAC0002,23034,1987,5,18.3,Y
IDCJAC0002,23034,1987,6,16.1,Y
IDCJAC0002,23034,1987,7,14.3,Y
IDCJAC0002,23034,1987,8,15.1,Y
IDCJAC0002,23034,1987,9,18.5,Y
IDCJAC0002,23034,1987,10,20.6,Y
IDCJAC0002,23034,1987,11,24,Y
IDCJAC0002,23034,1987,12,26,Y
IDCJAC0002,23034,1988,1,28.1,Y
IDCJAC0002,23034,1988,2,25.8,Y
IDCJAC0002,23034,1988,3,26.6,Y
IDCJAC0002,23034,1988,4,22.4,Y
IDCJAC0002,23034,1988,5,19.6,Y
IDCJAC0002,23034,1988,6,16.2,Y
IDCJAC0002,23034,1988,7,15.4,Y
IDCJAC0002,23034,1988,8,16.5,Y
IDCJAC0002,23034,1988,9,20,Y
IDCJAC0002,23034,1988,10,22.6,Y
IDCJAC0002,23034,1988,11,22.5,Y
IDCJAC0002,23034,1988,12,26.9,Y
IDCJAC0002,23034,1989,1,27.3,Y
IDCJAC0002,23034,1989,2,28.9,Y
IDCJAC0002,23034,1989,3,26.7,Y
IDCJAC0002,23034,1989,4,22.2,Y
IDCJAC0002,23034,1989,5,18.4,Y
IDCJAC0002,23034,1989,6,14.1,Y
IDCJAC0002,23034,1989,7,13.8,Y
IDCJAC0002,23034,1989,8,14.1,Y
IDCJAC0002,23034,1989,9,18.2,Y
IDCJAC0002,23034,1989,10,19.7,Y
IDCJAC0002,23034,1989,11,24.7,Y
IDCJAC0002,23034,1989,12,26.6,Y
IDCJAC0002,23034,1990,1,28,Y
IDCJAC0002,23034,1990,2,26.1,Y
IDCJAC0002,23034,1990,3,27,Y
IDCJAC0002,23034,1990,4,22.4,Y
IDCJAC0002,23034,1990,5,19.6,Y
IDCJAC0002,23034,1990,6,16.2,Y
IDCJAC0002,23034,1990,7,15,Y
IDCJAC0002,23034,1990,8,14.5,Y
IDCJAC0002,23034,1990,9,19.1,Y
IDCJAC0002,23034,1990,10,22.1,Y
IDCJAC0002,23034,1990,11,25.9,Y
IDCJAC0002,23034,1990,12,25,Y
IDCJAC0002,23034,1991,1,28.6,Y
IDCJAC0002,23034,1991,2,29.2,Y
IDCJAC0002,23034,1991,3,24.7,Y
IDCJAC0002,23034,1991,4,22.4,Y
IDCJAC0002,23034,1991,5,18.4,Y
IDCJAC0002,23034,1991,6,16.9,Y
IDCJAC0002,23034,1991,7,14.9,Y
IDCJAC0002,23034,1991,8,15.2,Y
IDCJAC0002,23034,1991,9,18.2,Y
IDCJAC0002,23034,1991,10,21.9,Y
IDCJAC0002,23034,1991,11,23.9,Y
IDCJAC0002,23034,1991,12,24.6,Y
IDCJAC0002,23034,1992,1,24.3,Y
IDCJAC0002,23034,1992,2,28.8,Y
IDCJAC0002,23034,1992,3,25.3,Y
IDCJAC0002,23034,1992,4,22.6,Y
IDCJAC0002,23034,1992,5,17.8,Y
IDCJAC0002,23034,1992,6,15.5,Y
IDCJAC0002,23034,1992,7,15.6,Y
IDCJAC0002,23034,1992,8,15.1,Y
IDCJAC0002,23034,1992,9,15.2,Y
IDCJAC0002,23034,1992,10,20.5,Y
IDCJAC0002,23034,1992,11,20.8,Y
IDCJAC0002,23034,1992,12,24.1,Y
IDCJAC0002,23034,1993,1,27.5,Y
IDCJAC0002,23034,1993,2,27.8,Y
IDCJAC0002,23034,1993,3,25.2,Y
IDCJAC0002,23034,1993,4,24.1,Y
IDCJAC0002,23034,1993,5,19.3,Y
IDCJAC0002,23034,1993,6,15.1,Y
IDCJAC0002,23034,1993,7,15.3,Y
IDCJAC0002,23034,1993,8,17.8,Y
IDCJAC0002,23034,1993,9,18.3,Y
IDCJAC0002,23034,1993,10,20.1,Y
IDCJAC0002,23034,1993,11,23.9,Y
IDCJAC0002,23034,1993,12,24.2,Y
IDCJAC0002,23034,1994,1,24.8,Y
IDCJAC0002,23034,1994,2,26.3,Y
IDCJAC0002,23034,1994,3,25.5,Y
IDCJAC0002,23034,1994,4,22.2,Y
IDCJAC0002,23034,1994,5,19.2,Y
IDCJAC0002,23034,1994,6,16.2,Y
IDCJAC0002,23034,1994,7,16.5,Y
IDCJAC0002,23034,1994,8,15.7,Y
IDCJAC0002,23034,1994,9,17.4,Y
IDCJAC0002,23034,1994,10,21.5,Y
IDCJAC0002,23034,1994,11,22.5,Y
IDCJAC0002,23034,1994,12,28.2,Y
IDCJAC0002,23034,1995,1,29.5,Y
IDCJAC0002,23034,1995,2,29.1,Y
IDCJAC0002,23034,1995,3,23.7,Y
IDCJAC0002,23034,1995,4,19.8,Y
IDCJAC0002,23034,1995,5,17.5,Y
IDCJAC0002,23034,1995,6,16.1,Y
IDCJAC0002,23034,1995,7,13.9,Y
IDCJAC0002,23034,1995,8,17.4,Y
IDCJAC0002,23034,1995,9,18.1,Y
IDCJAC0002,23034,1995,10,21.1,Y
IDCJAC0002,23034,1995,11,23.8,Y
IDCJAC0002,23034,1995,12,25.1,Y
IDCJAC0002,23034,1996,1,26.6,Y
IDCJAC0002,23034,1996,2,27.3,Y
IDCJAC0002,23034,1996,3,26.7,Y
IDCJAC0002,23034,1996,4,19.9,Y
IDCJAC0002,23034,1996,5,19.2,Y
IDCJAC0002,23034,1996,6,16.6,Y
IDCJAC0002,23034,1996,7,15,Y
IDCJAC0002,23034,1996,8,15.1,Y
IDCJAC0002,23034,1996,9,17.5,Y
IDCJAC0002,23034,1996,10,21.3,Y
IDCJAC0002,23034,1996,11,21.9,Y
IDCJAC0002,23034,1996,12,24.9,Y
IDCJAC0002,23034,1997,1,28.3,Y
IDCJAC0002,23034,1997,2,31.8,Y
IDCJAC0002,23034,1997,3,22.5,Y
IDCJAC0002,23034,1997,4,22.1,Y
IDCJAC0002,23034,1997,5,17.4,Y
IDCJAC0002,23034,1997,6,15.6,Y
IDCJAC0002,23034,1997,7,14.2,Y
IDCJAC0002,23034,1997,8,15,Y
IDCJAC0002,23034,1997,9,17.4,Y
IDCJAC0002,23034,1997,10,21.3,Y
IDCJAC0002,23034,1997,11,25.1,Y
IDCJAC0002,23034,1997,12,25.3,Y
IDCJAC0002,23034,1998,1,28.3,Y
IDCJAC0002,23034,1998,2,26.7,Y
IDCJAC0002,23034,1998,3,25.5,Y
IDCJAC0002,23034,1998,4,20.1,Y
IDCJAC0002,23034,1998,5,18.6,Y
IDCJAC0002,23034,1998,6,15.3,Y
IDCJAC0002,23034,1998,7,13.8,Y
IDCJAC0002,23034,1998,8,16.1,Y
IDCJAC0002,23034,1998,9,19.6,Y
IDCJAC0002,23034,1998,10,20.1,Y
IDCJAC0002,23034,1998,11,23.5,Y
IDCJAC0002,23034,1998,12,26.3,Y
IDCJAC0002,23034,1999,1,30.3,Y
IDCJAC0002,23034,1999,2,29.5,Y
IDCJAC0002,23034,1999,3,24.3,Y
IDCJAC0002,23034,1999,4,20.7,Y
IDCJAC0002,23034,1999,5,19,Y
IDCJAC0002,23034,1999,6,15.6,Y
IDCJAC0002,23034,1999,7,15.6,Y
IDCJAC0002,23034,1999,8,16.7,Y
IDCJAC0002,23034,1999,9,20.2,Y
IDCJAC0002,23034,1999,10,21.8,Y
IDCJAC0002,23034,1999,11,22.2,Y
IDCJAC0002,23034,1999,12,25.2,Y
IDCJAC0002,23034,2000,1,27.5,Y
IDCJAC0002,23034,2000,2,31.6,Y
IDCJAC0002,23034,2000,3,25.5,Y
IDCJAC0002,23034,2000,4,22.4,Y
IDCJAC0002,23034,2000,5,17.3,Y
IDCJAC0002,23034,2000,6,15.2,Y
IDCJAC0002,23034,2000,7,15.1,Y
IDCJAC0002,23034,2000,8,15.5,Y
IDCJAC0002,23034,2000,9,18.3,Y
IDCJAC0002,23034,2000,10,20.4,Y
IDCJAC0002,23034,2000,11,26.6,Y
IDCJAC0002,23034,2000,12,27.2,Y
IDCJAC0002,23034,2001,1,32.5,Y
IDCJAC0002,23034,2001,2,30.7,Y
IDCJAC0002,23034,2001,3,24.9,Y
IDCJAC0002,23034,2001,4,22,Y
IDCJAC0002,23034,2001,5,18.5,Y
IDCJAC0002,23034,2001,6,15.9,Y
IDCJAC0002,23034,2001,7,15.1,Y
IDCJAC0002,23034,2001,8,15.6,Y
IDCJAC0002,23034,2001,9,19.5,Y
IDCJAC0002,23034,2001,10,18.1,Y
IDCJAC0002,23034,2001,11,21.6,Y
IDCJAC0002,23034,2001,12,22.5,Y
IDCJAC0002,23034,2002,1,26.6,Y
IDCJAC0002,23034,2002,2,25.4,Y
IDCJAC0002,23034,2002,3,24.9,Y
IDCJAC0002,23034,2002,4,23.7,Y
IDCJAC0002,23034,2002,5,20.3,Y
IDCJAC0002,23034,2002,6,15.9,Y
IDCJAC0002,23034,2002,7,15.7,Y
IDCJAC0002,23034,2002,8,16,Y
IDCJAC0002,23034,2002,9,18.8,Y
IDCJAC0002,23034,2002,10,21.1,Y
IDCJAC0002,23034,2002,11,25,Y
IDCJAC0002,23034,2002,12,27.1,Y
IDCJAC0002,23034,2003,1,30.4,Y
IDCJAC0002,23034,2003,2,27.8,Y
IDCJAC0002,23034,2003,3,23.7,Y
IDCJAC0002,23034,2003,4,22.5,Y
IDCJAC0002,23034,2003,5,19.4,Y
IDCJAC0002,23034,2003,6,15.7,Y
IDCJAC0002,23034,2003,7,15.4,Y
IDCJAC0002,23034,2003,8,14.8,Y
IDCJAC0002,23034,2003,9,17.4,Y
IDCJAC0002,23034,2003,10,18.6,Y
IDCJAC0002,23034,2003,11,26.9,Y
IDCJAC0002,23034,2003,12,27.5,Y
IDCJAC0002,23034,2004,1,24.5,Y
IDCJAC0002,23034,2004,2,30.2,Y
IDCJAC0002,23034,2004,3,26.3,Y
IDCJAC0002,23034,2004,4,23,Y
IDCJAC0002,23034,2004,5,18.3,Y
IDCJAC0002,23034,2004,6,16.1,Y
IDCJAC0002,23034,2004,7,14.6,Y
IDCJAC0002,23034,2004,8,16.3,Y
IDCJAC0002,23034,2004,9,17.7,Y
IDCJAC0002,23034,2004,10,23.1,Y
IDCJAC0002,23034,2004,11,24.4,Y
IDCJAC0002,23034,2004,12,26.1,Y
IDCJAC0002,23034,2005,1,27.8,Y
IDCJAC0002,23034,2005,2,26,Y
IDCJAC0002,23034,2005,3,24.8,Y
IDCJAC0002,23034,2005,4,25,Y
IDCJAC0002,23034,2005,5,20.4,Y
IDCJAC0002,23034,2005,6,17.8,Y
IDCJAC0002,23034,2005,7,15.3,Y
IDCJAC0002,23034,2005,8,17.1,Y
IDCJAC0002,23034,2005,9,18.2,Y
IDCJAC0002,23034,2005,10,21.5,Y
IDCJAC0002,23034,2005,11,24.6,Y
IDCJAC0002,23034,2005,12,27.1,Y
IDCJAC0002,23034,2006,1,30.9,Y
IDCJAC0002,23034,2006,2,26.2,Y
IDCJAC0002,23034,2006,3,27.3,Y
IDCJAC0002,23034,2006,4,20.4,Y
IDCJAC0002,23034,2006,5,17,Y
IDCJAC0002,23034,2006,6,15.4,Y
IDCJAC0002,23034,2006,7,15.3,Y
IDCJAC0002,23034,2006,8,17.9,Y
IDCJAC0002,23034,2006,9,20.6,Y
IDCJAC0002,23034,2006,10,23.6,Y
IDCJAC0002,23034,2006,11,25.4,Y
IDCJAC0002,23034,2006,12,27.7,Y
IDCJAC0002,23034,2007,1,28.6,Y
IDCJAC0002,23034,2007,2,30.5,Y
IDCJAC0002,23034,2007,3,27,Y
IDCJAC0002,23034,2007,4,24.1,Y
IDCJAC0002,23034,2007,5,19.8,Y
IDCJAC0002,23034,2007,6,14.6,Y
IDCJAC0002,23034,2007,7,15.3,Y
IDCJAC0002,23034,2007,8,17.9,Y
IDCJAC0002,23034,2007,9,20.8,Y
IDCJAC0002,23034,2007,10,23.1,Y
IDCJAC0002,23034,2007,11,26.4,Y
IDCJAC0002,23034,2007,12,27.6,Y
IDCJAC0002,23034,2008,1,29.1,Y
IDCJAC0002,23034,2008,2,26.7,Y
IDCJAC0002,23034,2008,3,29.7,Y
IDCJAC0002,23034,2008,4,22.3,Y
IDCJAC0002,23034,2008,5,19.3,Y
IDCJAC0002,23034,2008,6,16.8,Y
IDCJAC0002,23034,2008,7,14.9,Y
IDCJAC0002,23034,2008,8,14.6,Y
IDCJAC0002,23034,2008,9,19.8,Y
IDCJAC0002,23034,2008,10,23,Y
IDCJAC0002,23034,2008,11,23.8,Y
IDCJAC0002,23034,2008,12,24.4,Y
IDCJAC0002,23034,2009,1,29.8,Y
IDCJAC0002,23034,2009,2,30,Y
IDCJAC0002,23034,2009,3,25.3,Y
IDCJAC0002,23034,2009,4,22.2,Y
IDCJAC0002,23034,2009,5,18.1,Y
IDCJAC0002,23034,2009,6,16.1,Y
IDCJAC0002,23034,2009,7,15.5,Y
IDCJAC0002,23034,2009,8,17.8,Y
IDCJAC0002,23034,2009,9,19.3,Y
IDCJAC0002,23034,2009,10,21.3,Y
IDCJAC0002,23034,2009,11,29.8,Y
IDCJAC0002,23034,2009,12,27.3,Y
IDCJAC0002,23034,2010,1,29.6,Y
IDCJAC0002,23034,2010,2,29.7,Y
IDCJAC0002,23034,2010,3,26.7,Y
IDCJAC0002,23034,2010,4,23.2,Y
IDCJAC0002,23034,2010,5,19.4,Y
IDCJAC0002,23034,2010,6,15.7,Y
IDCJAC0002,23034,2010,7,15,Y
IDCJAC0002,23034,2010,8,15,Y
IDCJAC0002,23034,2010,9,16.1,Y
IDCJAC0002,23034,2010,10,20.5,Y
IDCJAC0002,23034,2010,11,23,Y
IDCJAC0002,23034,2010,12,25.9,Y
IDCJAC0002,23034,2011,1,29.1,Y
IDCJAC0002,23034,2011,2,27.6,Y
IDCJAC0002,23034,2011,3,24.3,Y
IDCJAC0002,23034,2011,4,22.3,Y
IDCJAC0002,23034,2011,5,17.9,Y
IDCJAC0002,23034,2011,6,16.5,Y
IDCJAC0002,23034,2011,7,15.5,Y
IDCJAC0002,23034,2011,8,17.3,Y
IDCJAC0002,23034,2011,9,20.5,Y
IDCJAC0002,23034,2011,10,21.3,Y
IDCJAC0002,23034,2011,11,25.5,Y
IDCJAC0002,23034,2011,12,26.9,Y
IDCJAC0002,23034,2012,1,30,Y
IDCJAC0002,23034,2012,2,26.7,Y
IDCJAC0002,23034,2012,3,25.3,Y
IDCJAC0002,23034,2012,4,23.6,Y
IDCJAC0002,23034,2012,5,18,Y
IDCJAC0002,23034,2012,6,15.3,Y
IDCJAC0002,23034,2012,7,15.1,Y
IDCJAC0002,23034,2012,8,15.5,Y
IDCJAC0002,23034,2012,9,19.1,Y
IDCJAC0002,23034,2012,10,21.9,Y
IDCJAC0002,23034,2012,11,26.6,Y
IDCJAC0002,23034,2012,12,27,Y
IDCJAC0002,23034,2013,1,28.5,Y
IDCJAC0002,23034,2013,2,28.7,Y
IDCJAC0002,23034,2013,3,27.3,Y
IDCJAC0002,23034,2013,4,23.2,Y
IDCJAC0002,23034,2013,5,20.6,Y
IDCJAC0002,23034,2013,6,16.1,Y
IDCJAC0002,23034,2013,7,15.9,Y
IDCJAC0002,23034,2013,8,16.7,Y
IDCJAC0002,23034,2013,9,21.3,Y
IDCJAC0002,23034,2013,10,21.8,Y
IDCJAC0002,23034,2013,11,24.2,Y
IDCJAC0002,23034,2013,12,27.1,Y
IDCJAC0002,23034,2014,1,30.7,Y
IDCJAC0002,23034,2014,2,28.2,Y
IDCJAC0002,23034,2014,3,26,Y
IDCJAC0002,23034,2014,4,22.8,Y
IDCJAC0002,23034,2014,5,20.4,Y
IDCJAC0002,23034,2014,6,16.5,Y
IDCJAC0002,23034,2014,7,15.1,Y
IDCJAC0002,23034,2014,8,16.3,Y
IDCJAC0002,23034,2014,9,20.1,Y
IDCJAC0002,23034,2014,10,24.5,Y
IDCJAC0002,23034,2014,11,25.3,Y
IDCJAC0002,23034,2014,12,25,Y
IDCJAC0002,23034,2015,1,27.6,Y
IDCJAC0002,23034,2015,2,31,Y
IDCJAC0002,23034,2015,3,24.1,Y
IDCJAC0002,23034,2015,4,20.1,Y
IDCJAC0002,23034,2015,5,18.1,Y
IDCJAC0002,23034,2015,6,16,Y
IDCJAC0002,23034,2015,7,14.5,Y
IDCJAC0002,23034,2015,8,15.5,Y
IDCJAC0002,23034,2015,9,18.5,Y
IDCJAC0002,23034,2015,10,25.4,Y
IDCJAC0002,23034,2015,11,25.7,Y
IDCJAC0002,23034,2015,12,30.3,Y
IDCJAC0002,23034,2016,1,29.1,Y
IDCJAC0002,23034,2016,2,27.2,Y
IDCJAC0002,23034,2016,3,27.1,Y
IDCJAC0002,23034,2016,4,23.8,Y
IDCJAC0002,23034,2016,5,19.6,Y
IDCJAC0002,23034,2016,6,16.1,Y
IDCJAC0002,23034,2016,7,15.1,Y
IDCJAC0002,23034,2016,8,17,Y
IDCJAC0002,23034,2016,9,16.9,Y
IDCJAC0002,23034,2016,10,20.3,Y
IDCJAC0002,23034,2016,11,22.7,Y
IDCJAC0002,23034,2016,12,26.6,Y
IDCJAC0002,23034,2017,1,29.1,Y
IDCJAC0002,23034,2017,2,27.2,Y
IDCJAC0002,23034,2017,3,27.8,Y
IDCJAC0002,23034,2017,4,22.8,Y
IDCJAC0002,23034,2017,5,19,Y
IDCJAC0002,23034,2017,6,16.5,Y
IDCJAC0002,23034,2017,7,16.2,Y
IDCJAC0002,23034,2017,8,15.6,Y
IDCJAC0002,23034,2017,9,18.7,Y
IDCJAC0002,23034,2017,10,22.9,Y
IDCJAC0002,23034,2017,11,27,Y
IDCJAC0002,23034,2017,12,26.1,Y
IDCJAC0002,23034,2018,1,30.3,Y
IDCJAC0002,23034,2018,2,29,Y
IDCJAC0002,23034,2018,3,26.3,Y
IDCJAC0002,23034,2018,4,25.3,Y
IDCJAC0002,23034,2018,5,18.6,Y
IDCJAC0002,23034,2018,6,15.7,Y
IDCJAC0002,23034,2018,7,15.9,Y
IDCJAC0002,23034,2018,8,16.8,Y
IDCJAC0002,23034,2018,9,18.3,Y
IDCJAC0002,23034,2018,10,23,Y
IDCJAC0002,23034,2018,11,23.3,Y
IDCJAC0002,23034,2018,12,28.6,Y
IDCJAC0002,23034,2019,1,31.2,Y
IDCJAC0002,23034,2019,2,28.2,Y
IDCJAC0002,23034,2019,3,25.6,Y
IDCJAC0002,23034,2019,4,24,Y
IDCJAC0002,23034,2019,5,18.5,Y
IDCJAC0002,23034,2019,6,16.1,Y
IDCJAC0002,23034,2019,7,16.1,Y
IDCJAC0002,23034,2019,8,15.2,Y
IDCJAC0002,23034,2019,9,18.8,Y
IDCJAC0002,23034,2019,10,23.4,Y
IDCJAC0002,23034,2019,11,22.7,Y
IDCJAC0002,23034,2019,12,29.1,Y
IDCJAC0002,23034,2020,1,27.6,Y
IDCJAC0002,23034,2020,2,25.5,Y
IDCJAC0002,23034,2020,3,24.9,Y
IDCJAC0002,23034,2020,4,21.1,Y
IDCJAC0002,23034,2020,5,17.4,Y
IDCJAC0002,23034,2020,6,15.6,Y
IDCJAC0002,23034,2020,7,15.1,Y
IDCJAC0002,23034,2020,8,15.8,Y
IDCJAC0002,23034,2020,9,20.5,Y
IDCJAC0002,23034,2020,10,21.4,Y
IDCJAC0002,23034,2020,11,28,Y
IDCJAC0002,23034,2020,12,25.5,Y
IDCJAC0002,23034,2021,1,27.9,Y
IDCJAC0002,23034,2021,2,26.3,Y
IDCJAC0002,23034,2021,3,25,Y
IDCJAC0002,23034,2021,4,22.5,Y
IDCJAC0002,23034,2021,5,19.1,Y
IDCJAC0002,23034,2021,6,16.6,Y
IDCJAC0002,23034,2021,7,15.2,Y
IDCJAC0002,23034,2021,8,16.5,Y
IDCJAC0002,23034,2021,9,19.2,Y
IDCJAC0002,23034,2021,10,20.6,Y
IDCJAC0002,23034,2021,11,22.9,Y
IDCJAC0002,23034,2021,12,26.2,Y
IDCJAC0002,23034,2022,1,28,Y
IDCJAC0002,23034,2022,2,27.2,Y
IDCJAC0002,23034,2022,3,26.3,Y
IDCJAC0002,23034,2022,4,23.4,Y
IDCJAC0002,23034,2022,5,18.7,Y
IDCJAC0002,23034,2022,6,15.4,Y
IDCJAC0002,23034,2022,7,14.8,Y
IDCJAC0002,23034,2022,8,15.9,Y
IDCJAC0002,23034,2022,9,16.9,Y
IDCJAC0002,23034,2022,10,20.2,Y
IDCJAC0002,23034,2022,11,22.2,Y
IDCJAC0002,23034,2022,12,26.5,Y
IDCJAC0002,23034,2023,1,29.1,Y
IDCJAC0002,23034,2023,2,28.1,Y
IDCJAC0002,23034,2023,3,24.1,Y
IDCJAC0002,23034,2023,4,21.8,Y
IDCJAC0002,23034,2023,5,17.5,Y
IDCJAC0002,23034,2023,6,16.9,Y
IDCJAC0002,23034,2023,7,15.5,Y
IDCJAC0002,23034,2023,8,17.1,Y
IDCJAC0002,23034,2023,9,21.1,Y
IDCJAC0002,23034,2023,10,20.9,Y
IDCJAC0002,23034,2023,11,23.5,Y
IDCJAC0002,23034,2023,12,25,Y
IDCJAC0002,23034,2024,1,28,Y
IDCJAC0002,23034,2024,2,28.5,Y
IDCJAC0002,23034,2024,3,28.5,Y
IDCJAC0002,23034,2024,4,20.3,Y
IDCJAC0002,23034,2024,5,19.9,Y
IDCJAC0002,23034,2024,6,15.5,Y
IDCJAC0002,23034,2024,7,15.7,Y
IDCJAC0002,23034,2024,8,18.4,Y
IDCJAC0002,23034,2024,9,19,Y
IDCJAC0002,23034,2024,10,23.3,Y
IDCJAC0002,23034,2024,11,25.4,Y
IDCJAC0002,23034,2024,12,27.6,Y
IDCJAC0002,23034,2025,1,29.2,Y
IDCJAC0002,23034,2025,2,29.8,Y
IDCJAC0002,23034,2025,3,29.1,Y
IDCJAC0002,23034,2025,4,24.4,Y
IDCJAC0002,23034,2025,5,19.8,Y
IDCJAC0002,23034,2025,6,16.4,Y
IDCJAC0002,23034,2025,7,15,Y
IDCJAC0002,23034,2025,8,16.3,Y
IDCJAC0002,23034,2025,9,19,Y
IDCJAC0002,23034,2025,10,21.7,Y
IDCJAC0002,23034,2025,11,21.7,Y
IDCJAC0002,23034,2025,12,26.8,Y
IDCJAC0002,23034,2026,1,31.6,Y
IDCJAC0002,23034,2026,2,29.6,Y
